사이트명,URL
쿠팡,https://www.coupang.com/
,https://www.coupang.com/vp/products/4649237800?vendorItemId=73771545370&sourceType=HOME_GW_PROMOTION&searchId=feed-ca1aebac6ba24b86aaaf31bb7e8595e9-gw_promotion&isAddedCart=
,https://www.coupang.com/np/categories/186764?traid=home_CategoryBest_quick_link
,https://www.coupang.com/vp/products/7478416161?itemId=19528875726&vendorItemId=86637367077&traid=home_CategoryBest_quick_link&sourceType=CATEGORY&categoryId=186664&isAddedCart=
,https://www.coupang.com/np/categories/115673
,https://www.coupang.com/np/search?component=&q=%EC%9A%B0%EC%9C%A0&channel=user
,https://www.coupang.com/np/omp
,https://www.coupang.com/vp/products/6408414409?vendorItemId=83713643642&sourceType=PC_SHORTCUT_MARKETPLACE_DEALPAGE_GW_PROMOTION&searchId=feed-9289532ef2eb4df4be0845ae09cf576b-gw_promotion&isAddedCart=
,https://www.coupang.com/np/categories/333522?listSize=60&brand=&offerCondition=&filterType=&isPriceRange=false&minPrice=&maxPrice=&channel=user&fromComponent=Y&selectedPlpKeepFilter=&sorter=bestAsc&filter=&component=333422&rating=0&page=2
,https://www.coupang.com/np/categories/435072
컬리,https://www.kurly.com/main
,https://www.kurly.com/categories/915
,https://www.kurly.com/market-benefit
,https://www.kurly.com/goods/5131915
,https://www.kurly.com/collection-groups/market-sales-group?page=1&collection=market-sales-1000&per_page=96&sorted_type=1&filters=
,https://www.kurly.com/collection-groups/market-sales-group?page=1&collection=market-sales-main1&per_page=96&sorted_type=1&filters=
,https://www.kurly.com/collection-groups/market-best?page=1&collection=market-kurlyonly-best-logic&filters=
,https://www.kurly.com/goods/5052922
,https://www.kurly.com/goods/5042765
,https://www.kurly.com/shop/event/kurlyEventV2.php?lego=event/2023/0911/join/coupon
지마켓,https://www.gmarket.co.kr/
,https://www.gmarket.co.kr/n/best?jaehuid=200011415
,https://gmarket.co.kr/n/search?keyword=%EC%8B%A0%EB%B0%9C
,https://www.gmarket.co.kr/n/smilefresh
,https://www.gmarket.co.kr/n/smilefresh/sale?promotionCode=1
,https://www.gmarket.co.kr/n/superdeal
,https://item.gmarket.co.kr/Item?goodscode=2095687294&buyboxtype=ad
,https://item.gmarket.co.kr/Item?goodscode=790057598
롯데온,https://www.lotteon.com/p/display/main/lotteon
,https://www.lotteon.com/p/display/shop/seltDpShop/29675?callType=menu
,https://www.lotteon.com/product/LO2349661111?mall_no=1&dp_infw_cd=MAT29675&areaCode=cateBest
,https://www.lotteon.com/p/display/shop/seltDpShop/13331?callType=menu
,https://www.lotteon.com/search/render/render.ecn?render=nqapi&platform=pc&collection_id=9&u9=navigate&u8=FC02090000&login=Y&mallId=1
,https://www.lotteon.com/p/product/LO1405992893?entryPoint=ad&areaCode=AD_CPC&dp_infw_cd=CASFC02090000&clickId=S81725601189
,https://www.lotteon.com/search/search/search.ecn?render=search&platform=pc&q=1%2B1%20%ED%95%A0%EC%9D%B8&mallId=1
번개장터,https://m.bunjang.co.kr/
,https://m.bunjang.co.kr/categories/600700?&req_ref=popular_category
,https://m.bunjang.co.kr/categories/930200?&order=date
,https://m.bunjang.co.kr/categories/310300?&req_ref=popular_category
,https://m.bunjang.co.kr/products/214743821?ref=%EC%B9%B4%ED%85%8C%EA%B3%A0%EB%A6%AC%EC%84%A0%ED%83%9D%EA%B2%B0%EA%B3%BC
,https://m.bunjang.co.kr/products/292063543?ref=%EC%B9%B4%ED%85%8C%EA%B3%A0%EB%A6%AC%EC%84%A0%ED%83%9D%EA%B2%B0%EA%B3%BC
아고다,https://www.agoda.com/
,https://www.agoda.com/ko-kr/search?selectedproperty=10953&checkIn=2024-10-21&los=5&rooms=1&adults=2&children=0&asq=u2qcKLxwzRU5NDuxJ0kOF3T91go8JoYYMxAgy8FkBH1BN0lGAtYH25sdXoy34qb9yRz1nvZQDyL0wdSnw3cp73uie9S2O%2BHIRdVkmACTKmOSgsQJ6y8kTEv%2Bz0b%2Bk1uzO8OwAzdOukGkzYXN9kvvkopK0j93MeO9eTQGF7dDDKl6KraawkN4LAFofMwsDDRU60FqVkRUp3T8Mwyg9ttv%2BmjLdP1NdkcejFQoJE0e%2BKbnkAI6Xk7aILfujC3tyUOdL3Dnw6XRxi5VDvlVe8j9kg%3D%3D&hotel=10953&locale=ko-kr&ckuid=0f32b723-d1ef-48f7-9bfd-491de4375a06&prid=0&currency=KRW&correlationId=a5311b73-19b4-407a-8d39-df6842124862&analyticsSessionId=-2737647553565466658&pageTypeId=1&realLanguageId=9&languageId=9&origin=KR&stateCode=44&cid=-1&userId=0f32b723-d1ef-48f7-9bfd-491de4375a06&whitelabelid=1&loginLvl=0&storefrontId=3&currencyId=26&currencyCode=KRW&htmlLanguage=ko-kr&cultureInfoName=ko-kr&machineName=hk-pc-2f-acm-web-user-5c565c77cb-g6lh6&trafficGroupId=4&trafficSubGroupId=4&aid=130243&useFullPageLogin=true&cttp=4&isRealUser=true&mode=production&browserFamily=Chrome&cdnDomain=agoda.net&checkOut=2024-10-26&priceCur=KRW&textToSearch=%ED%91%B8%EB%9D%BC%EB%A7%88+%EB%A6%AC%EC%A1%B0%ED%8A%B8+%EB%8B%A4%EB%82%AD&productType=-1&travellerType=1&familyMode=off&ds=DmQCr9aVKfLqYNwn
,https://www.agoda.com/ko-kr/furama-resort-danang/hotel/da-nang-vn.html?finalPriceView=1&isShowMobileAppPrice=false&cid=-1&numberOfBedrooms=&familyMode=false&adults=2&children=0&rooms=1&maxRooms=0&checkIn=2024-10-21&isCalendarCallout=false&childAges=&numberOfGuest=0&missingChildAges=false&travellerType=1&showReviewSubmissionEntry=false&currencyCode=KRW&isFreeOccSearch=false&los=5&searchrequestid=0bdb2509-a925-430f-848f-945e3882d1d3&ds=DmQCr9aVKfLqYNwn
,https://www.agoda.com/ko-kr/book/?cnty=38&secdat=AMVHWJXX4uhGn3J4lr%252BAwytwApB4XTXDlZJpfebmNN4tFLdukbVSpFzFHGoSJKHMgPShvskVbSMSAjbx9vW5iPyHREGylw4ZYCVTH35rlXoUeZ9mMY%252FyZe9sKzgZS5yBvSFNyWLiVhSvTzuDpWzjElEb%252FDLdPd3t6lnHKzo1Joi0Jvv6n70CATkeQoHKkUw9dvcezI8jw4W8Xx8%252F7eN2T4ZFRwQDDXcS%252FM1GqTWp9jbtNBKvZawRgpFmWv%252BFeYRqnF9vDOIDgEBfrnHGJuQBAwyjcsMXmAu%252FfANZFovW8wD2PYtXh2reXQiCjQs9wMWiSKDRNftMDnC%252B5QaBk1%252FOqDX7SUAb%252BLM%252Fa3ddWR0P67VOJnueGxg5fKsHq425pBibCW1fqmQrjO%252FxHddUe74FFI20qUhZILz%252FiR1od2E8a9faMt8QDu23QTEeZ0VD5nMDgFRKkuxG1kk2qECtgGTpiA%253D%253D&v=29&cnIcp=0&dclid=&gclid=&ame=&aso=&aca=&aco=&ate=&mrs=0&siteId=-1&ori=KR&r0=ntX56bIRzM05tpZ6I6cL1p5Y2i%252FS%252FWhG7l%252BUxOyepBIKPx%252Fz8%252B59HYcel9QTy1MXtkCJoulaufteB1W4Dy%252FyWRm0zvHMwpvfCfOph9HGJ%252B2zT9Q6RgyI7Qgo57RixE2BQTxxIKJPrKVjfjtDolzZtRRMbWNLYFEp7%252Fj2EGS5lLw8J7ImJ4t1R4xZZH4X7ojq%252F0SDG09GGRqPKtijuTrcOi5QYhJNkSoxXbOWPoP%252FyN1j%252FxCQiinR5V5Cnssj97Q6yk1Zg5EawLAEjGNVlHQmKg%253D%253D&nr0=1&xbr0=&sarg=6hB0HeZBV1h8HQaBZao0AjcMijpS%252BUbE64s704mQS6gQgickzpAnYcAGpQge08prTVnDDJcHxybP1VeUMeMXNeNk93E7RxYRR3L8X9kUdNMEtMCGWd3nEdiv5nustzXfyx5sUUwMLrN98J3QgLLfBwB%252Fdy2%252Bl%252F33uuL4vjsKwx1EKATOiyU7a8aQ%252FngxRatH1dm%252BNkPhzheAPb5nM8CoTE0mU%252B4fiYeki8cJwfxj9ug%253D&sreq=-1&finc=false&nco=0&pco=1
,https://www.agoda.com/ko-kr/fivitel-boutique-da-nang/hotel/da-nang-vn.html?finalPriceView=1&isShowMobileAppPrice=false&cid=-1&numberOfBedrooms=&familyMode=false&adults=2&children=0&rooms=1&maxRooms=0&checkIn=2024-10-21&isCalendarCallout=false&childAges=&numberOfGuest=0&missingChildAges=false&travellerType=1&showReviewSubmissionEntry=false&currencyCode=KRW&isFreeOccSearch=false&tspTypes=1&los=5&searchrequestid=0bdb2509-a925-430f-848f-945e3882d1d3&ds=DmQCr9aVKfLqYNwn
,https://www.agoda.com/ko-kr/book/?cnty=38&secdat=ch6wP%252BSqb2Jw%252B53b8DJZMTJOkgZFe2LGfh1YkFfKmOtdFjbuS0KEF7fji%252BOIebq5PvvW1PIisR3Jg4ypr%252FMnMdcFevH7vjh4uW3G9we8XRxcXfxr%252F3Ckn0%252Fr3X0jwNYOyhqIS85tI%252FnQYfolPF%252BvtmL7WbAvkMGDwm1Xvqe1K%252BdCNG9HJlrWkckzoKO039XJLpcFEGvIEuCrXW2A72sHdaXIYt5RRJ75rARZT%252FaFwmc6TC6vVOKW12WWapkaSz1GDW7a5PXYXjNFBDGnFilY%252FSTg1EktrwfTBJLw0fi5x%252Fg95b8Z9x2ohplJ%252BOyV%252F5bgaIaNPAHW0d0%252Fsq62vQYUp54IrWkEvp5xB8Z%252FTle09t3rZ3ZPpLl8aRlSVfxaqH6SVhaT9FB6DGLdkFNX%252FE5DdztvSEv4t5jlsqaUKlToPUgkT2kN6HEqX%252BNiiZwxXjXBtdVOHbtZ2tiYuACrFSpn1A%253D%253D&v=29&cnIcp=0&dclid=&gclid=&ame=&aso=&aca=&aco=&ate=&mrs=0&siteId=-1&ori=KR&r0=FhJ06AGuhwsay4ZhjYp2FJdtsm7RbHpQIq5pp39s7sK%252F5FAH1t0RUY8kVIPTBEyR2zZk2d863LUjKKRU%252F4W2W%252BmEgFieQb7SUfjoM5Pae4DGFPw04TklOdh1MMGufD6dCOGCfakUJ%252FaWdRHZiAbL1rOzTqv88tG5IFocCsrbjTx04im0Pway234xREhHl76iwu%252FSqsiGF1bFp%252BKs%252BXQqM3JdE9gTRCoGgdKY6k0z5717M4InulP5Yrjy6pKeAa8e9Rf5hqTc5xzqf7gd8L%252FlT%252FQMtNROyjNwvUSp3LKiN7NrshF4uRWN5Oc2VbcKWY%252F8P%252BEiY28%252Bok86SOtPnWRTg0PQ7B7bi6%252FGPpZXaIqKJtoHgfwIvsE6sfLp%252FwcmytcK53bi1H%252FJmuTQnjzbx7PVpiFDHgsPc4OzAUb2DLc%252BKW0%253D&nr0=1&xbr0=&sarg=MB5BxRx1pKU6kwTvIJCNXrWFWjAwAIQLj3sBZ6UCgRGPCL3x14AotpmSLTK3V70VID6sTdOpiQlGxqjbJyvuyd05g%252FrMM%252Bvfm%252B1wsrTjIPzXkEeUdymMbAxnHjfKhZFCNTWcs0aoqMeiOvGKvwVcXB3mO8kSiumDLsibjC6IpCl66GYXhj%252BTZfzDM4aLl%252FKc4pL%252FBuubf2EpQsHZ4dWeuruyaPCCI5FnfmyZj92%252Fk4k%253D&sreq=-1&finc=false&nco=0
스카이스캐너,https://www.skyscanner.co.kr/
,https://www.skyscanner.co.kr/transport/flights/sela/pus/241017/241024/config/11876-2410170620--32179-0-15628-2410170720%7C15628-2410242030--32179-0-11876-2410242130?adults=1&adultsv2=1&cabinclass=economy&children=0&childrenv2=&inboundaltsenabled=false&infants=0&outboundaltsenabled=false&preferdirects=false&ref=home&rtn=1
,https://www.skyscanner.co.kr/transport/flights/sela/osaa/241017/241024/?adults=1&adultsv2=1&cabinclass=economy&children=0&childrenv2=&destinationentityid=27542908&inboundaltsenabled=false&infants=0&outboundaltsenabled=false&preferdirects=false&ref=home&rtn=1
,https://www.skyscanner.co.kr/transport/flights/sela/osaa/241017/241024/config/12409-2410171555--32698-0-13068-2410171745%7C13068-2410241250--32698-0-12409-2410241450?adults=1&adultsv2=1&cabinclass=economy&children=0&childrenv2=&destinationentityid=27542908&inboundaltsenabled=false&infants=0&outboundaltsenabled=false&preferdirects=false&ref=home&rtn=1
네이버 항공권,https://flight.naver.com/
,https://flight.naver.com/flights/international/ICN-LAX-20241009/LAX-ICN-20241030?adult=1&fareType=Y
,https://flight.naver.com/flights/international/ICN-HKG-20241203/HKG-ICN-20241207?adult=1&fareType=Y
,https://flight.naver.com/flights/international/ICN-FRA-20241226/FRA-ICN-20241231?adult=1&fareType=Y
,https://flight.naver.com/flights/international/ICN-DAD-20241226/DAD-ICN-20241231?adult=1&fareType=Y
에어비앤비,https://www.airbnb.co.kr/
,https://www.airbnb.co.kr/s/%EB%8C%80%EC%A0%84/homes?tab_id=home_tab&refinement_paths%5B%5D=%2Fhomes&flexible_trip_lengths%5B%5D=one_week&monthly_start_date=2024-11-01&monthly_length=3&monthly_end_date=2025-02-01&price_filter_input_type=0&channel=EXPLORE&place_id=ChIJAWZKutdIZTURtdOKmJ3WltE&date_picker_type=calendar&checkin=2024-10-22&checkout=2024-10-24&adults=2&source=structured_search_input_header&search_type=filter_change
,https://www.airbnb.co.kr/rooms/42752763?adults=2&enable_m3_private_room=true&search_mode=regular_search&check_in=2024-10-22&check_out=2024-10-24&source_impression_id=p3_1727872864_P3mb8JYdXNy3ozR5&previous_page_section_name=1000&federated_search_id=b9b32173-4537-45a0-bc69-1c0684eefa9b
,https://www.airbnb.co.kr/book/stays/42752763?numberOfAdults=2&checkin=2024-10-22&checkout=2024-10-24&guestCurrency=KRW&productId=42752763&isWorkTrip=false&numberOfChildren=0&numberOfGuests=1&numberOfInfants=0&numberOfPets=0
,https://www.airbnb.co.kr/s/%EB%8C%80%EC%A0%84/homes?tab_id=home_tab&refinement_paths%5B%5D=%2Fhomes&flexible_trip_lengths%5B%5D=one_week&monthly_start_date=2024-11-01&monthly_length=3&monthly_end_date=2025-02-01&price_filter_input_type=0&channel=EXPLORE&place_id=ChIJAWZKutdIZTURtdOKmJ3WltE&date_picker_type=calendar&checkin=2024-10-22&checkout=2024-10-24&adults=2&source=structured_search_input_header&search_type=user_map_move&query=%EB%8C%80%EC%A0%84&search_mode=flex_destinations_search&price_filter_num_nights=2&category_tag=Tag%3A8653&location_search=MIN_MAP_BOUNDS&ne_lat=37.034852267734465&ne_lng=128.50676882703476&sw_lat=35.161928054992735&sw_lng=126.4058211780499&zoom=8.694608481886606&zoom_level=8.694608481886606&search_by_map=true
,https://www.airbnb.co.kr/rooms/1144495663896218949?adults=2&category_tag=Tag%3A8653&enable_m3_private_room=true&photo_id=1989504644&search_mode=flex_destinations_search&check_in=2024-10-22&check_out=2024-10-24&source_impression_id=p3_1727878630_P3M-ovIPdJslXNg8&previous_page_section_name=1000&federated_search_id=4034d386-4ba8-44c5-89f8-51808aef37aa
,https://www.airbnb.co.kr/book/stays/1144495663896218949?numberOfAdults=2&checkin=2024-10-22&checkout=2024-10-24&guestCurrency=KRW&productId=1144495663896218949&isWorkTrip=false&numberOfChildren=0&numberOfGuests=1&numberOfInfants=0&numberOfPets=0&photoId=1989504644
교보문고,https://www.kyobobook.co.kr/
,https://store.kyobobook.co.kr/bestseller/online/daily
,https://search.kyobobook.co.kr/search?keyword=%ED%8C%8C%EC%9D%B4%EC%8D%AC&gbCode=TOT&target=total
,https://product.kyobobook.co.kr/new/#?page=1&sort=new&year=2024&month=10&week=1&per=20&saleCmdtDvsnCode=KOR&gubun=newGubun&saleCmdtClstCode=
,https://product.kyobobook.co.kr/detail/S000213999814
,https://product.kyobobook.co.kr/detail/S000213800371
,https://product.kyobobook.co.kr/KYO
,https://product.kyobobook.co.kr/detail/S000214343781
,https://product.kyobobook.co.kr/detail/S000214377627
,https://casting.kyobobook.co.kr/
아이디어스,https://www.idus.com/v2/
,https://www.idus.com/v2/showroom/9535?banner_item_id=3572
,https://www.idus.com/w/main/liver-order-product
,https://www.idus.com/v2/category/1065
,https://www.idus.com/v2/showroom/9566?home_banner_showroom_id=9566
,https://www.idus.com/v2/product/d85516e8-179f-48bd-bf39-6c49d0f61d6c
,https://www.idus.com/v2/product/ad1cd545-9aa5-41fb-b776-94bde413c44e
,https://www.idus.com/v2/search?keyword=1%2B1%20%ED%95%A0%EC%9D%B8&keyword_channel=user
11번가,https://www.11st.co.kr/
,https://search.11st.co.kr/pc/total-search?kwd=1%252B1%2520%25ED%2595%25A0%25EC%259D%25B8&tabId=TOTAL_SEARCH
,https://search.11st.co.kr/pc/total-search?kwd=1%252B1&tabId=TOTAL_SEARCH
,https://plan.11st.co.kr/plan/front/exhibitions/2142534/detail
,https://www.11st.co.kr/browsing/BestSeller.tmall?method=getBestSellerMain&xfrom=main^gnb
,https://www.11st.co.kr/products/2218563579?inpu=&trTypeCd=22&trCtgrNo=895019
,https://www.11st.co.kr/products/5814971284
,https://plan.11st.co.kr/plan/front/exhibitions/2131769/detail
,https://www.11st.co.kr/products/3610219443?trTypeCd=03&trCtgrNo=2131769
테무,https://www.temu.com/
,https://www.temu.com/search_result.html?search_key=1%2B1%20%ED%95%A0%EC%9D%B8&search_method=user&refer_page_el_sn=200010&srch_enter_source=top_search_entrance_15498&_x_vst_scene=adg&_x_ads_channel=google&_x_ads_sub_channel=search&_x_ads_account=4571995958&_x_ads_set=20871119964&_x_ads_id=159849865391&_x_ads_creative_id=685202691053&_x_ns_source=g&_x_ns_gclid=Cj0KCQjw3vO3BhCqARIsAEWblcAWENwLjRhCrejSBZ89Do4xcc50lf9FyAMR_gwZTx6vQ_jTZfV4stMaAvjBEALw_wcB&_x_ns_placement=&_x_ns_match_type=e&_x_ns_ad_position=&_x_ns_product_id=&_x_ns_target=&_x_ns_devicemodel=&_x_ns_wbraid=Cj4KCAjwu-63BhACEi4Arm1vdGv2ad4GDha9fwiL1UkCvQW5MnVYCmLrxYp2wrqp9e44fk8kq61Z3zuiGgLmuQ&_x_ns_gbraid=0AAAAAo4mICF3ZYjJuT8AutqrizDDOHmfm&_x_ns_keyword=%ED%85%8C%EB%AC%B4&_x_ns_targetid=kwd-924281899843&_x_ns_extensionid=&refer_page_name=kuiper&refer_page_id=15498_1727878958394_14jm3g2gef&refer_page_sn=15498&_x_sessn_id=ib37w67ntv
,https://www.temu.com/kr/channel/best-sellers.html?filter_items=1%3A1&scene=home_title_bar_recommend&refer_page_el_sn=201341&_x_vst_scene=adg&_x_ads_channel=google&_x_ads_sub_channel=search&_x_ads_account=4571995958&_x_ads_set=20871119964&_x_ads_id=159849865391&_x_ads_creative_id=685202691053&_x_ns_source=g&_x_ns_gclid=Cj0KCQjw3vO3BhCqARIsAEWblcAWENwLjRhCrejSBZ89Do4xcc50lf9FyAMR_gwZTx6vQ_jTZfV4stMaAvjBEALw_wcB&_x_ns_placement=&_x_ns_match_type=e&_x_ns_ad_position=&_x_ns_product_id=&_x_ns_target=&_x_ns_devicemodel=&_x_ns_wbraid=Cj4KCAjwu-63BhACEi4Arm1vdGv2ad4GDha9fwiL1UkCvQW5MnVYCmLrxYp2wrqp9e44fk8kq61Z3zuiGgLmuQ&_x_ns_gbraid=0AAAAAo4mICF3ZYjJuT8AutqrizDDOHmfm&_x_ns_keyword=%ED%85%8C%EB%AC%B4&_x_ns_targetid=kwd-924281899843&_x_ns_extensionid=&_x_sessn_id=ib37w67ntv&refer_page_name=search_result&refer_page_id=10009_1727879447880_g99dg6nqvj&refer_page_sn=10009
,https://www.temu.com/kr/attendance/autumn-savings2-19111-1-a-psurl.html?_x_chnl_src=top_icon&filter_items=8%3Arec_wilton.zhou_landing_119_1725591524&scene=home_title_bar_activity&refer_page_el_sn=201803&_x_vst_scene=adg&_x_ads_channel=google&_x_ads_sub_channel=search&_x_ads_account=4571995958&_x_ads_set=20871119964&_x_ads_id=159849865391&_x_ads_creative_id=685202691053&_x_ns_source=g&_x_ns_gclid=Cj0KCQjw3vO3BhCqARIsAEWblcAWENwLjRhCrejSBZ89Do4xcc50lf9FyAMR_gwZTx6vQ_jTZfV4stMaAvjBEALw_wcB&_x_ns_placement=&_x_ns_match_type=e&_x_ns_ad_position=&_x_ns_product_id=&_x_ns_target=&_x_ns_devicemodel=&_x_ns_wbraid=Cj4KCAjwu-63BhACEi4Arm1vdGv2ad4GDha9fwiL1UkCvQW5MnVYCmLrxYp2wrqp9e44fk8kq61Z3zuiGgLmuQ&_x_ns_gbraid=0AAAAAo4mICF3ZYjJuT8AutqrizDDOHmfm&_x_ns_keyword=%ED%85%8C%EB%AC%B4&_x_ns_targetid=kwd-924281899843&_x_ns_extensionid=&_x_sessn_id=ib37w67ntv&refer_page_name=best_sellers&refer_page_id=10125_1727879535301_e4u3q5ft50&refer_page_sn=10125
,https://www.temu.com/kr/%EC%BB%A4%EB%B2%84%EB%B2%84%ED%84%B0-%EC%BA%90%EC%A3%BC%EC%96%BC-%EC%8A%A4%ED%83%80%EC%9D%BC-%EC%86%94%EB%A6%AC%EB%93%9C-%EC%BB%AC%EB%9F%AC-%EB%8B%88%ED%8A%B8-%EC%88%84-%EB%9E%A9-%ED%86%B5%EA%B8%B0%EC%84%B1-%EB%B3%B4%EC%98%A8-%EB%B0%8F-%EB%B0%A9%ED%92%8D-%ED%8F%B4%EB%A6%AC%EC%97%90%EC%8A%A4%ED%84%B0-%EB%B8%94%EB%A0%8C%EB%93%9C-%ED%8C%8C%EC%8A%88%EB%AF%B8%EB%82%98-%EB%B9%84%EC%8A%A4%EC%BD%94%EC%8A%A4-%EB%B0%8F-%EB%82%98%EC%9D%BC%EB%A1%A0-%EC%82%AC%EC%9A%A9-%EC%A3%BC%EB%A7%90-%EC%BA%90%EC%A3%BC%EC%96%BC-%EC%97%AC%EC%84%B1%EC%9D%84-%EC%9C%84%ED%95%9C-%ED%83%84%EB%A0%A5%EC%84%B1%EC%9D%B4-%EB%9B%B0%EC%96%B4%EB%82%9C-%EC%88%84-g-601099559747053.html?top_gallery_url=https%3A%2F%2Fimg.kwcdn.com%2Fproduct%2Ffancy%2F593fec6f-7445-4465-91a3-5599d47abb8f.jpg&spec_gallery_id=2222549635&refer_page_el_sn=221323&refer_component_id=p-258144267664612&refer_prom_name=autumn_savings_240916&refer_channel_name=&refer_cart_group_id=19111&_x_chnl_src=top_icon&_x_vst_scene=adg&_x_ads_channel=google&_x_ads_sub_channel=search&_x_ads_account=4571995958&_x_ads_set=20871119964&_x_ads_id=159849865391&_x_ads_creative_id=685202691053&_x_ns_source=g&_x_ns_gclid=Cj0KCQjw3vO3BhCqARIsAEWblcAWENwLjRhCrejSBZ89Do4xcc50lf9FyAMR_gwZTx6vQ_jTZfV4stMaAvjBEALw_wcB&_x_ns_placement=&_x_ns_match_type=e&_x_ns_ad_position=&_x_ns_product_id=&_x_ns_target=&_x_ns_devicemodel=&_x_ns_wbraid=Cj4KCAjwu-63BhACEi4Arm1vdGv2ad4GDha9fwiL1UkCvQW5MnVYCmLrxYp2wrqp9e44fk8kq61Z3zuiGgLmuQ&_x_ns_gbraid=0AAAAAo4mICF3ZYjJuT8AutqrizDDOHmfm&_x_ns_keyword=%ED%85%8C%EB%AC%B4&_x_ns_targetid=kwd-924281899843&_x_ns_extensionid=&_x_sessn_id=ib37w67ntv&refer_page_name=autumn-savings2-19111-1-a-psurl&refer_page_id=21611_1727879539685_u3mdfdmuvg&refer_page_sn=21611
,https://www.temu.com/kr/channel/new-in.html?scene=home_title_bar_new_in&refer_page_el_sn=201340&_x_chnl_src=top_icon&_x_vst_scene=adg&_x_ads_channel=google&_x_ads_sub_channel=search&_x_ads_account=4571995958&_x_ads_set=20871119964&_x_ads_id=159849865391&_x_ads_creative_id=685202691053&_x_ns_source=g&_x_ns_gclid=Cj0KCQjw3vO3BhCqARIsAEWblcAWENwLjRhCrejSBZ89Do4xcc50lf9FyAMR_gwZTx6vQ_jTZfV4stMaAvjBEALw_wcB&_x_ns_placement=&_x_ns_match_type=e&_x_ns_ad_position=&_x_ns_product_id=&_x_ns_target=&_x_ns_devicemodel=&_x_ns_wbraid=Cj4KCAjwu-63BhACEi4Arm1vdGv2ad4GDha9fwiL1UkCvQW5MnVYCmLrxYp2wrqp9e44fk8kq61Z3zuiGgLmuQ&_x_ns_gbraid=0AAAAAo4mICF3ZYjJuT8AutqrizDDOHmfm&_x_ns_keyword=%ED%85%8C%EB%AC%B4&_x_ns_targetid=kwd-924281899843&_x_ns_extensionid=&_x_sessn_id=ib37w67ntv&refer_page_name=goods&refer_page_id=10032_1727879559033_9dind2a3ph&refer_page_sn=10032
오늘의 집,https://ohou.se/
,https://store.ohou.se/exhibitions/12383?affect_type=Home&affect_id=0
,https://ohou.se/productions/1106629/selling
,https://store.ohou.se/exhibitions/12456?special_feed=true
,https://ohou.se/productions/2360845/selling
,https://ohou.se/productions/feed?query=1%2B1%20%ED%95%A0%EC%9D%B8&search_affect_type=Typing
,https://store.ohou.se/today_deals
,https://ohou.se/productions/985361/selling
카카오톡 쇼핑하기,https://store.kakao.com/
,https://store.kakao.com/endolphinfood/products/225458182?area=mainp&impression_id=air_store_talkdeal_main&ordnum=2
,https://store.kakao.com/home/themedeal/wednesday?ref=shopping_customtab&ad=menutab_thema_bogo
,https://store.kakao.com/home/pcms/documents/f5a905c2795d4c0bb24a996a25bc11fd?ref=shopping_customtab&ad=menutab_food_tue
,https://store.kakao.com/freshservice/products/424684988?_=1727879985071&docId=f5a905c2795d4c0bb24a996a25bc11fd
,https://store.kakao.com/search/result/product?q=1%2B1%20%ED%95%A0%EC%9D%B8
,https://store.kakao.com/danistory/products/131453240?docId=131453240
,https://store.kakao.com/wulduri041/products/410464535?docId=410464535
중고나라,https://web.joongna.com/
,https://web.joongna.com/search?category=2
,https://web.joongna.com/search?category=6&page=1&productFilterType=APP
,https://web.joongna.com/search/1%2B1%ED%95%A0%EC%9D%B8
,https://web.joongna.com/product/187455939
알리,https://ko.aliexpress.com/
,https://www.aliexpress.com/gcp/300000512/KRupdatepage?spm=a2g0o.home.tab.1.6c2f70f4CzKIQT&disableNav=YES&pha_manifest=ssr&_immersiveMode=true&channelLinkTag=nn_newgcp&_gl=1*17t5vfr*_gcl_au*MTY2MjQ3NjM2LjE3Mjc4ODU1MDM.*_ga*MjAzOTk5NDk5NC4xNzI3ODg1NTAz*_ga_VED1YSGNC7*MTcyNzg4NTUwMi4xLjAuMTcyNzg4NTUwMi42MC4wLjA.
,https://www.aliexpress.com/ssr/300001505/rEkz8fMwjY?spm=a2g0o.home.bigsave.5.6c2f70f4CQTwpy&disableNav=YES&pha_manifest=ssr&_immersiveMode=true&productIds=1005006086850106&_gl=1*bme559*_gcl_au*MTY2MjQ3NjM2LjE3Mjc4ODU1MDM.*_ga*MjAzOTk5NDk5NC4xNzI3ODg1NTAz*_ga_VED1YSGNC7*MTcyNzg4NTUwMi4xLjEuMTcyNzg4NTUxNy40NS4wLjA.
,https://www.aliexpress.com/p/calp-plus/index.html?spm=a2g0o.tm1000010823.allcategoriespc.2.47f911b5tHbk8E&categoryTab=kr_beauty_%2526_health
,https://ko.aliexpress.com/item/4000895243563.html?spm=a2g0o.categorymp.prodcutlist.2.7187d9SAd9SAhN&pdp_ext_f=%7B%22sku_id%22%3A%2212000020724757250%22%7D&utparam-url=scene%3Asearch%7Cquery_from%3Acategory_navigate_newTab2&_gl=1*3nrter*_gcl_au*MTY2MjQ3NjM2LjE3Mjc4ODU1MDM.*_ga*MjAzOTk5NDk5NC4xNzI3ODg1NTAz*_ga_VED1YSGNC7*MTcyNzg4NTUwMi4xLjEuMTcyNzg4NTUzOC4yNC4wLjA.
,https://ko.aliexpress.com/w/wholesale-1%2B1-%ED%95%A0%EC%9D%B8.html?spm=a2g0o.detail.search.0
,https://ko.aliexpress.com/item/1005007443635661.html?spm=a2g0o.productlist.main.89.42ba40bczUUfrc&algo_pvid=ff40363c-aeef-42d3-85ab-4c2c94ae8568&algo_exp_id=ff40363c-aeef-42d3-85ab-4c2c94ae8568-44&pdp_npi=4%40dis%21KRW%2159800%2150150%21%21%2159800%2150150%21%402141001d17278855857562848ea0ec%2112000040774458978%21sea%21KR%210%21ABX&curPageLogUid=PPsYqmwDoJnt&utparam-url=scene%3Asearch%7Cquery_from%3A
,"https://ko.aliexpress.com/item/1005007224516503.html?spm=a2g0o.detail.pcDetailTopMoreOtherSeller.2.20cbteH7teH7j1&gps-id=pcDetailTopMoreOtherSeller&scm=1007.40050.354490.0&scm_id=1007.40050.354490.0&scm-url=1007.40050.354490.0&pvid=62d760c8-a9a8-4061-b65a-b90c9ba21a7a&_t=gps-id:pcDetailTopMoreOtherSeller,scm-url:1007.40050.354490.0,pvid:62d760c8-a9a8-4061-b65a-b90c9ba21a7a,tpp_buckets:668%232846%238109%231935&pdp_npi=4%40dis%21KRW%2114900%2114220%21%21%2114900%2114220%21%402140c1c317278855959848985efe1d%2112000039870674780%21rec%21KR%21%21ABX&utparam-url=scene%3ApcDetailTopMoreOtherSeller%7Cquery_from%3A"
,https://www.aliexpress.com/gcp/300000444/6NcN22X5fS?spm=a2g0o.home.tab.5.783970f4Hblxdu&disableNav=YES&pha_manifest=ssr&_immersiveMode=true&_gl=1*1hcaanv*_gcl_au*MTY2MjQ3NjM2LjE3Mjc4ODU1MDM.*_ga*MjAzOTk5NDk5NC4xNzI3ODg1NTAz*_ga_VED1YSGNC7*MTcyNzg4NTUwMi4xLjEuMTcyNzg4NTYxOC4yMi4wLjA.
